key,en-us,zh-cn,de-de,fr-fr,pt-br,ja-jp
language_code-ISO,en-US,zh-CN,de-DE,fr-FR,pt-BR,ja-JP
language_code-google,en,zh-CN,de,fr,pt,ja
language_name,English (en-US),简体中文 (zh-CN),Deutsch (de-DE),Français (fr-FR),Portuguese (pt-BR),日本語(ja-JP)
messagebox_title_warning,PRemoteM Warning,PRemoteM 警告,PRemoteM Warnung,PRemoteM Warning,PRemoteM Warning,PRemoteM Warning
messagebox_title_error,PRemoteM Error,PRemoteM 错误,PRemoteM Fehler,PRemoteM Erreur,PRemoteM Error,PRemoteM Error
messagebox_title_info,PRemoteM Info,PRemoteM 提示,PRemoteM Info,PRemoteM Info,PRemoteM Info,PRemoteM Info
OK,OK,确定,OK,OK,OK,OK
Exit,Exit,退出,Beenden,Sortir,Sair,
Close,Close,关闭,Schließen,Fermer,Fechar,
Add,Add,添加,Hinzufügen,Ajouter,Adicionar,
Edit,Edit,编辑,Bearbeiten,Edition,Editar,
Save,Save,保存,Speichern,Sauvegarder,Salvar,
Save as...,Save as...,保存到...,Speichern als...,Sauvegarder sour...,Salvar como...,
Back,Back,返回,Zurück,Retour,Voltar,
Delete,Delete,删除,Löschen,Effacer,Deletar,
Cancel,Cancel,取消,Abbrechen,Annuler,Cancelar,
Select,Select,选择,Auswählen,Selectionner,Selecionar,
Explore to...,Explore to...,定位到...,,Explorer...,Explorar como...,
Previous,Previous,上一页,Zurück,Précédent,Anterior,
Next,Next,下一页,Weiter,Suivant,Próximo,
Done,Done,完成,Fertig,Effectuée,OK,
Reset,Reset,重置,Zurücksetzen,Réinitialiser,Redefinir,
Import,Import,导入,,Importer,Importar,
Export,Export,导出,,Exporter,Exportar,
Name,Name,名称,,Nom,Nome,
File Name,File Name,文件名,Dateiname,Nom de fichier,Nome do arquivo,
Test,Test,测试,,,Teste,
Reconnect,Reconnect,重新连接,Neu verbinden,Reconnecter,Reconectar,
Dismiss,Dismiss,关闭,Schließen,Rejeter,Dispensar,
Lock,Lock,锁定,Sperren,Verrouiller,Bloquear,
Always on top,Always on top,置顶,,Garder au premier plan,Sempre no topo,
Close all,Close all,全部关闭,Alle schließen,Tout fermer,Fechar tudo,
Rename,Rename,重命名,Umbenennen,Renommer,Renomear,
Connect,Connect,连接,Verbinden,Connexion,Conectar,
Connect (New window),Connect (New window),连接 (新窗口),Verbinden (Neues Fenster),Connexion (Nouvelle fenetre),Conectar (Nova janela),
Note,Note,Note,Note,Note,Note,
Share,Share,分享,,,,
Copy,Copy,复制,,,,
filter_mainwindow,Keywords or '#' + tag name,输入关键词或 '#' + 标签名,Schlüsselwörter oder '#' + Tag-Name,Mots-clés ou '#' + nom de tag,Palavras-chave ou '#' + 'nome_da_tag',
Search (Ctrl+F),Search (Ctrl + F),搜索 (Ctrl + F),Suche (STRG + F),Rechercher (Ctrl + F),Procurar (Ctrl + F),
hotkey_already_registered,Hot key already registered,快捷键已被占用,Hotkey bereits registriert,Raccourci clavier déjà enregistré,Tecla de atalho já registrada,
hotkey_registered_fail,Failed to register the hot key,快捷键注册失败,Fehler bei der Hotkey Registrierung,Echec de l'enregistrement du raccourci clavier,Falha ao registrar a tecla de atalho,
string_permission_denied,Permission denied,无操作权限,Zugriff verweigert,Permission refusée,Permissão negada,
All,All,全部,Alle,Tous,Todos,
Protocol,Protocol,协议,Protokoll,,Protocolo,
file_transmit_host_list_header_last_update,Last update,修改时间,Letztes Update,Dernière mise à jour,Última atualização,
file_transmit_host_list_header_type,Type,类型,Typ,,Tipo,
file_transmit_host_list_header_size,Size,大小,Größe,Taille,Tamanho,
file_transmit_host_message_preview_over_size,"This item is over 1 MB, are you sure you want to open it?",文件超过 1 MB，确定要打开吗?,"Das Bild ist über 1 MB groß, wirklich öffnen?","Cet élément fait plus de 1 Mo, est-il sûr de l'ouvrir ?",Este item tem mais de 1 MB. Tem certeza de que quer abrir?,
file_transmit_host_message_files_download_to,Please select a folder to save to,将文件下载到所选文件夹,Bitte wählen Sie den Speicherpfad aus,Veuillez sélectionner un dossier pour enregistrer les fichiers,Selecione uma pasta para salvar,
file_transmit_host_message_files_download_to_dir,Use this folder,选择该文件夹,Den Ordner verwenden,Utiliser ce dossier,Usar esta pasta,
file_transmit_host_message_select_files_to_upload,Please select files to upload,请选择要上传的文件,Bitte die Dateien zum Hochladen auswählen,Veuillez sélectionner les fichiers à télécharger,Selecione os arquivos para fazer o upload,
file_transmit_host_command_refresh,Refresh (F5),刷新(F5),Aktualisieren (F5),Actualiser (F5),Atualizar (F5),
file_transmit_host_command_create_folder,Create a folder,新建文件夹,Ordner erstellen,Créer le dossier,Criar uma nova pasta,
file_transmit_host_command_upload,Upload (Ctrl + V),上传(Ctrl + V),Upload (STRG + V),Télécharger (Ctrl + V),Enviar (Ctrl + V),
file_transmit_host_command_select_files_upload,Select files to upload,选择文件上传,Dateien zum Hochladen auswählen,Sélectionnez les fichiers à télécharger,Selecione os arquivos para fazer o upload,
file_transmit_host_command_select_folder_upload,Select a folder to upload,选择文件夹上传,Ordner zum Hochladen auswählen,Sélectionnez le dossier à télécharger,Selecione uma pasta para fazer o upload,
file_transmit_host_command_delete,Delete (Del),删除(Del),Löschen (ENTF),Supprimer (Suppr),Deletar (Del),
file_transmit_host_command_save_to,Save to... (Ctrl + S),保存到...(Ctrl + S),Speichern nach... (STRG + S),Enregistrer sous ... (Ctrl + S),Salvar como... (Ctrl + S),
file_transmit_host_warning_same_names_title,Replace or cancel,替换或跳过,Austauschen oder abbrechen,Remplacer ou annuler,Substituir ou cancelar,
file_transmit_host_warning_same_names,The destination has {0} file(s) with the same name(s). Do you want to continue?,目标包含{0}个同名文件，需要替换吗？,Das Ziel hat {0} Dateien mit den gleichen Namen. Möchten Sie fortfahren?,La destination contient {0} fichiers portant les mêmes noms. Voulez-vous continuer?,O destino tem {0} arquivo(s) com o(s) mesmo(s) nome(s). Você quer continuar?,
host_reconecting_info,Reconnecting...,正尝试重新连接...,Wiederverbinden...,Reconnexion ...,Reconectando...,
Options,Options,设置,Optionen,,Opções,
About,About,关于,Über,À propos,Sobre,
Toggle Cards/List,Toggle Cards/List,切换卡片/列表,Karten/Liste umschalten,Basculer les Tuiles/Liste,Alternar Cartões/Lista,
system_options_general_title,General,常规,Allgemein,Général,Geral,
Language,Language,语言,Sprache,Langue,Idioma,
Startup,Startup,启动,Start,Commencez,Inicialização,
system_options_general_start_when_win_login,Run automatically at OS startup,开机自启动,Mit dem Betriebssystem starten,Exécuter automatiquement au démarrage du système d'exploitation,Executar automaticamente na inicialização do SO,
system_options_general_start_minimized,Start minimized,启动时最小化到托盘,Minimiert starten,Démarrer minimisé,Iniciar minimizado,
Confirm before closing,Confirm before closing,关闭远程会话前弹窗确认,Bestätigen Sie vor dem Schließen,Confirmer avant de fermer,Confirme antes de fechar,
system_options_general_log_file_path,Log file,日志文件,Logdatei,Fichier journal,Arquivo de LOG,
system_options_quick_description,"Quick connect allows you to open up a quick connection bar via a hot key, then you can type the keyword and start connection by pressing the Enter key",快速连接允许用户在桌面任何位置，通过快捷键唤起快速连接搜索框，键入关键字筛选所要连接的服务器，并按下回车开启远程连接。,"Mit der Schnellverbindungsfunktion können Sie eine Schnellverbindungsleiste per Tastendruck aufrufen, dann können Sie das Schlüsselwort eingeben und die Verbindung durch drücken der Eingabetaste öffnen.","La connexion rapide vous permet de raccrocher une barre de connexion rapide par raccourci clavier, puis vous pouvez taper le mot-clé et démarrer la connexion en appuyant sur la touche Entrée","A conexão rápida permite que você abra uma barra de conexão rápida por meio de uma tecla de atalho, você pode digitar a palavra-chave e iniciar a conexão pressionando a tecla Enter",
system_options_quick_match_providers,Keyword-Matchers,关键词匹配器,,Mots clés correspondants,Correspondentes de palavras-chave,
Launcher,Launcher,启动器,Startprogramm,Lanceur,Atalhos,
system_options_quick_launcher_enable,Enable the launcher,启用,Aktiv,Activer,Ative os atalhos,
system_options_quick_launcher_hotkey,Hot key,快捷键,Hotkey,Raccourci clavier,Tecla de atalho,
system_options_data_security_title,Data & Security,数据与安全,Datenbank & Sicherheit,Sécurité des données,Dados & Segurança,
system_options_data_security_database,Database,数据库,Datenbank,Base de données,Base de dados,
system_options_data_security_database_migrate,Migrate,移动,Migrieren,Migrer,Migrar,
system_options_data_security_rsa_title,RSA encryption,RSA加密,RSA Verschlüsselung,Cryptage RSA,Criptografia RSA,
system_options_data_security_rsa_encrypt,Encrypt,生成加密,Verschlüsseln,Crypter,Criptografar,
system_options_data_security_rsa_encrypt_dialog_title,Load an old key or select a path to save your current key,选择现有私钥或设置新私钥放置位置,"Laden Sie einen alten RSA-Schlüssel oder wählen Sie den Pfad, um den RSA-Schlüssel zu öffnen.",Chargez une ancienne clé ou sélectionnez un chemin pour votre clé,Carregue uma chave antiga ou selecione um caminho para salvar sua chave atual,
system_options_data_security_rsa_decrypt,Decrypt,清除加密,Entschlüsseln,Décrypter,Descriptografar,
system_options_data_security_rsa_public_key,Public key,公钥,Öffentlicher Schlüssel,Clé publique,Chave pública,
system_options_data_security_rsa_private_key_path,Private key path,私钥,Pfad zum privaten Schlüssel,Chemin de la clé privée,Caminho da chave privada,
system_options_data_security_export_dialog_title,Caution: Your data will be saved unencrypted!,导出数据将以明文显示，请妥善保管！,Achtung: Ihre Daten werden unverschlüsselt gespeichert,Mise en garde : vos données seront enregistrées non cryptées !,Atenção: Seus dados serão salvos sem criptografia!,
system_options_data_security_info_data_processing,Processing data. Do not close the app!,数据处理中，请勿关闭程序。,"Datenverarbeitung, Programm bitte nicht schließen.","Traitement des données, ne fermez pas l'application.",Processando dados. Não feche o aplicativo!,
system_options_data_security_info_encrypt_private_key_warning,Protect your private key carefully! It's the only key that can decrypt your data!,请妥善保管私钥，丢失后数据将无法找回！,"Bewahren Sie Ihren privaten Schlüssel sorgfältig auf, er ist der einzige Weg um Ihre Daten zu entschlüsseln!","Protégez soigneusement votre clé privée, c'est la seule clé pour décrypter vos données !",Proteja sua chave privada com cuidado! É a única chave que pode descriptografar seus dados!,
system_options_data_security_info_clear_rsa,Would you like to clear RSA encryption?,是否清除RSA加密?,Möchten Sie die RSA-Verschlüsselung aufheben?,Souhaitez-vous effacer le cryptage RSA ?,Deseja limpar a criptografia RSA?,
system_options_data_security_error_can_not_open,Database: Permission denied for reading or the file is not a database or the file is an encrypted database!,数据库：所选文件已被占用或不是数据库或该数据库已被加密！,Datei ist keine Datenbank oder Datei ist eine verschlüsselte Datenbank!,Base de données : autorisation de lecture refusée ou le fichier n'est pas une base de données ou le fichier est une base de données cryptée !,Banco de dados: Permissão negada para leitura. Ou o arquivo não é um banco de dados ou o arquivo é um banco de dados criptografado!,
string_database_error_permission_denied,Database: Permission denied for reading! Please check your password of db or the file occupation.,数据库：没有足够的权限读取，或数据库已被占用！,Datenbank: Berechtigung zum Lesen verweigert! Bitte überprüfen Sie Ihr Passwort der Datei.,Base de données : autorisation de lecture refusée! Veuillez vérifier le mot de passe du fichier.,"Banco de dados: Permissão negada para leitura! Por favor, verifique sua senha de db ou o local do arquivo.",
string_database_error_rsa_private_key_format_error,Database: RSA private key is in an invalid format! Please select the correct key.,数据库：存储的 RSA 私钥文件格式错误，请重新选择！,Datenbank: Der private RSA-Schlüssel hat ein falsches Format! Bitte wählen Sie einen korrekten Schlüssel aus.,Base de données : la clé privée RSA est au format d'erreur! Veuillez sélectionner une clé correcte.,"Banco de dados: A chave privada RSA está em um formato inválido! Por favor, selecione a chave correta.",
string_database_error_rsa_private_key_not_found,Database: Can't find the RSA private key! Please select the correct key.,数据库：无法找到数据库中存储的 RSA 私钥文件路径！,Datenbank: kann den privaten RSA-Schlüssel nicht finden! Bitte wählen Sie einen korrekten Schlüssel aus.,Base de données : impossible de trouver la clé privée RSA! Veuillez sélectionner une clé correcte.,"Banco de dados: Não é possível encontrar a chave privada RSA! Por favor, selecione a chave correta.",
string_database_error_rsa_private_key_not_match,Database: RSA private key does not match the public key! Please select the correct key.,数据库：存储的 RSA 私钥公钥不匹配，请重新选择！,Datenbank: der private RSA-schlüssel stimmt nicht mit dem öffentlichen Schlüssel überein! Bitte wählen Sie einen korrekten Schlüssel aus.,Base de données: la clé privée RSA ne correspond pas à la clé publique! Veuillez sélectionner une clé correcte.,"Banco de dados: A chave privada RSA não corresponde à chave pública! Por favor, selecione a chave correta.",
Theme,Theme,主题,Thema,Thème,Tema,
Color,Color,颜色,Farbe,Couleur,Cor,
Color1,Color1,主色,Farbe1,Couleur1,Cor 1,
Color2,Color2,副色,Farbe2,Couleur2,Cor 2,
Background,Background,背景色,Hintergrund,Arrière-plan,Fundo,
Normal,Normal,常规,,,,
Lighter,Lighter,亮色,Heller,Clair,Mouse em cima,
Darker,Darker,暗色,Dunkler,Sombre,Fundo dos menus,
Font,Font,字体,Schriftart,Police de caractère,Cor da fonte,
Font size,Font size,字体大小,Schriftgröße,Taille de la police,Tamanho da fonte,
Themes,Themes,主题,Farbthema,Thèmes,Temas,
server_card_operate_duplicate,Duplicate,创建副本,Duplizieren,Dupliquer,Duplicado,
server_card_operate_copy_address,Copy hostname to clipboard,复制地址到剪贴板,Server hostname in die Zwischenablage kopieren,Copier nom d'hôte dans le presse-papiers,Copie o nome do host para a área de transferência,
server_card_operate_copy_username,Copy username to clipboard,复制用户名到剪贴板,Benutzername in die Zwischenablage kopieren,Copier le nom d'utilisateur dans le presse-papiers,Copiar nome de usuário para a área de transferência,
server_card_operate_copy_password,Copy password to clipboard,复制密码到剪贴板,Passwort in die Zwischenablage kopieren,Copier le mot de passe dans le presse-papiers,Copiar senha para a área de transferência,
confirm_to_delete,Are you sure you want to delete?,确认要删除吗？,Wirklich löschen?,Valider la suppression ?,Tem certeza de que deseja excluir?,
confirm_to_delete_selected,Are you sure you want to delete all selected?,确认要删除所选全部项目吗？,Wirklich alle markierten Einträge löschen?,Valider la suppression de toutes les sélections ?,Tem certeza de que deseja excluir todos os selecionados?,
import_server_dialog_title,Select a file,选择导入文件,Dateiauswahl,Sélectionner un fichier,Selecione um arquivo,
import_from_json,from json,从 json,von einer JSON-Datei,depuis json,de arquivo .json,
import_from_csv,from mRemoteNG csv,从 mRemoteNG csv,mRemoteNG CSV-Datei,depuis CSV mRemoteNG,do mRemoteNG .csv,
import_done_0_items_added,"Imported successfully, {0} item(s) added.",已导入{0}条记录.,"Erfolgreich importiert, {0} Element hinzugefügt.","Importé avec succès, {0} élément(s) ajouté(s).","Importado com sucesso, {0} item(ns) adicionado(s).",
import_failure_with_data_format_error,Error data format!,导入0条，输入的数据文件格式有误!,Falsches Datenformat!,Erreur dans le format des données !,Erro no formato dos dados!,
server_editor_different_options,<different options>,<不同的值>,,<Options différentes>,<opções diferentes>,
server_editor_bulk_editing,Bulk editing,批量编辑,,Modification groupée,Edição em massa,
server_editor_bulk_editing_title,You are editing in bulk:,你正在批量编辑:,,Vous modifiez en masse :,Você está editando em massa:,
server_editor_multi_selected_count,Number of selected items:,选中数量：,,Nombre d'éléments sélectionnés:,Número de itens selecionados:,
server_editor_group_title_common,Common,常规,Allgemein,Commun,Frequente,
Connection,Connection,连接,Verbindung,,Conexão,
server_editor_group_title_display,Display,显示,Anzeige,Affichage,Tela,
server_editor_group_title_advantage,Advantage,高级,Erweitert,Avantage,Vantagem,
server_editor_group_title_gateway,RD Gateway Server,RD 网关服务器,Remotedesktop-Gatewayserver,Serveur de passerelle RD,Servidor Gateway RD,
Tags,Tags,标签,Etikett,,Marcações,
server_editor_tags_tag,"Can enter multiple, separated by ','","可以输入多个，用 ',' 分隔",,"Peut entrer plusieurs, séparés par ','","Podem ser inseridos vários, separados por ','",
Logo,Logo,图标,,,Logotipo,
server_editor_cmd_before_connected,Before cmd,连接前cmd,App vorher starten,Avant la connexion cmd,Antes do cmd,
server_editor_cmd_before_connected_tag,Run before connecting by cmd.exe (e.g. 'C:\openVpn.bat' will run 'cmd.exe C:\openVpn.bat'),启动会话前用cmd运行脚本(如：'C:\\openVpn.bat' 将执行 'cmd.exe C:\\openVpn.bat'),Vor Verbinden durch cmd.exe ausführen (z. B. 'C:\\openVpn.bat' führt 'cmd.exe C:\\openVpn.bat' aus),"Exécuter avant de se connecter via cmd.exe (exemple : 'C:\\openVpn.bat', exécuter 'cmd.exe C:\\openVpn.bat')",Execute antes de conectar por cmd.exe (ex.: 'C:\openVpn.bat' will executará 'cmd.exe C:\openVpn.bat'),
server_editor_cmd_after_disconnected,After cmd,断开后cmd,App nachher starten,Après le lancement de cmd,Após cmd,
server_editor_cmd_after_disconnected_tag,Run after disconnecting by cmd.exe (e.g. 'C:\closeVpn.bat' will run 'cmd.exe C:\closeVpn.bat'),关闭会话后用cmd运行脚本(如：'C:\\closeVpn.bat' 将运行 'cmd.exe C:\\closeVpn.bat'),Nach Beendigung durch cmd.exe ausführen (z. B. 'C:\\closeVpn.bat' wird 'cmd.exe C:\\closeVpn.bat' ausführen),"Exécuté après avoir été déconnecté par cmd.exe (exemple : 'C:\\closeVpn.bat', exécuter 'cmd.exe C:\\closeVpn.bat')",Executar após desconectar por cmd.exe (ex.: 'C:\closeVpn.bat' will executará 'cmd.exe C:\closeVpn.bat'),
Hostname,Hostname,地址,,,Hospedeiro,
Target,Target,目标,,Cibler,,
Port,Port,端口,,,Porta,
User,User,用户名,Benutzer,Utilisateur,Usuário,
Password,Password,密码,Passwort,Mot de passe,Senha,
Use private key,Use private key,使用私钥连接,Benutze privaten Schlüssel,utiliser la clé privée,Usar chave privada,
Private key,Private key,私钥,Privater Schlüssel,Clé privée,Chave privada,
Open SFTP when connected,Open SFTP when connected,同时打开 SFTP,Öffnen Sie SFTP beim Anschluss,Ouvrir SFTP lorsqu'il est connecté,Abra o SFTP quando conectado,
server_editor_display_full_screen_flag,Full screen remote desktop,全屏模式,Vollbild,Plein écran,Área de trabalho remota em tela cheia,
server_editor_display_full_screen_flag_window,Disable,禁用,Deaktivieren,Désactiver,Desativar,
server_editor_display_full_screen_flag_full_screen,Enable (single monitor),允许（单显示器）,Aktivieren (Einzel-Monitor),Activer (moniteur unique),Ativar (monitor único),
server_editor_display_full_screen_flag_all_screens,Enable (multi monitors),允许（所有显示器）,Aktivieren (alle Monitore),Activer (multi-moniteurs),Ativar (vários monitores),
Display the connection bar when use the full screen,Display the connection bar when use the full screen,全屏时显示连接栏,"Zeigen Sie die Anschlussleiste an, wenn Sie den vollständigen Bildschirm verwenden",Afficher la barre de connexion lors de l'utilisation de l'écran complet,Exibir a barra de conexão ao usar a tela cheia,
New session always use full screen,New session always use full screen,启动会话时永远进入全屏模式,Neue Sitzung Verwenden Sie immer den vollständigen Bildschirm,Connectez-vous en plein écran,Nova sessão sempre usará tela cheia,
New session use full screen if the last session is full screen,New session use full screen if the last session is full screen,启动会话时根据上次会话决定是否进入全屏模式,"Neue Sitzung Vollbild Verwenden Sie den Vollbild, wenn die letzte Sitzung Vollbild ist",Nouvelle session Utilisez plein écran si la dernière session est en plein écran,Nova sessão usará tela cheia se a última sessão foi em tela cheia,
Resolution,Resolution,分辨率,Auflösung,Résolution,Resolução,
Fit to window,Fit to window(Supported server: Windows Server 2012 R2 and above),适应窗口大小(服务器要求Windows Server 2012 R2及以上),An Fenster anpassen(Unterstützter Server: Windows Server 2012 R2 und höher),Apte à la fenêtre(Serveur pris en charge: Windows Server 2012 R2 et supérieur),Ajustar à janela (Servidor Compatível com Windows Server 2012 R2 e superior),
Custom resolution (stretch),Custom resolution (stretch),自定义分辨率 (拉伸),Benutzerdefinierte Auflösung (Stretch),Résolution personnalisée (étirement),Resolução personalizada (esticar),
Custom resolution (fixed),Custom resolution (fixed),自定义分辨率 (固定),Benutzerdefinierte Auflösung (fixiert),Résolution personnalisée (fixe),Resolução personalizada (fixa),
Full-screen resolution (stretch),Full-screen resolution (stretch),屏幕分辨率 (拉伸),Vollbildauflösung (stretch),Résolution en plein écran (étirement),Resolução de tela cheia (esticar),
Full-screen resolution (fixed),Full-screen resolution (fixed),屏幕分辨率 (固定),Vollbildauflösung (fixiert),Résolution en plein écran (fixe),Resolução de tela cheia (fixa),
server_editor_display_rdp_performance,Performance,桌面体验,Leistung,,,
server_editor_display_rdp_performance_auto,Auto (judged based on connection speed),自动（根据网速）,Verbindungsqualität automatisch erkennen,Jugement automatique (par vitesse de connexion),Automático (com base na velocidade da conexão),
server_editor_display_rdp_performance_high,High (32bit color with full feature support),高（32位色彩与所有特性）,Hoch (32bit Farbe mit voller Funktionsunterstützung),Élevé (couleur 32 bits avec prise en charge complète des fonctionnalités),Alta (cor de 32 bits com suporte completo a recursos),
server_editor_display_rdp_performance_middle,Middle (16bit color with only font smoothing and desktop composition),中（16位色彩与字体平滑、桌面合成）,Mittel (16bit Farbe mit nur Schriftglättung und Desktopaufbau),Milieu (couleur 16 bits avec uniquement le lissage de la police et la composition du bureau),Médio (cor de 16 bits com apenas suavização de fonte e composição da área de trabalho),
server_editor_display_rdp_performance_low,Low (8bit color with no feature support),低（8位色彩无任何显示增强）,Niedrig (8-Bit-Farbe ohne Unterstützung von Funktionen),Faible (couleur 8 bits sans prise en charge des fonctionnalités),Baixo (cor de 8 bits sem suporte a recursos),
server_editor_advantage_admin,For administering a server,连接到会话以管理服务器,,,Para administrar um servidor,
server_editor_advantage_resources,Resources,共享到远程桌面,Ressourcen,Ressources,Recursos,
server_editor_advantage_clipboard,Clipboard,剪贴板,Zwischenablage,Presse-papiers,Área de transferência,
server_editor_advantage_key_combinations,Key Combinations,组合键,Tastenkombinationen,Combinaisons de clés,Combinações de teclas,
server_editor_advantage_disk_drives,Disk Drives,本地磁盘,Laufwerke,Disques durs,Unidades de disco,
server_editor_advantage_sounds,Sounds,声音,Ton,Sons,Sons,
server_editor_advantage_sounds_disabled,Disabled,禁用,,Désactivée,Desabilitado,
server_editor_advantage_sounds_on_local,Play on local,在本地播放,,Jouez en local,Rode localmente,
server_editor_advantage_sounds_on_remote,Play on remote,在远程播放,,Jouer à distance,Rode remotamente,
server_editor_advantage_audio_capture,Audio Capture,录音,Audio Aufnahme,Capture audio,Captura de áudio,
server_editor_advantage_ports,Ports,端口,,,Portas,
server_editor_advantage_printers,Printers,打印机,Drucker,Imprimantes,Impressoras,
server_editor_advantage_smart_cards,Smart Cards,智能卡,Smartcards,Carte à puce,Cartões inteligentes,
server_editor_advantage_ssh_version,SSH Version,SSH Version,,Version SSH,Versão SSH,
server_editor_advantage_ssh_startup_auto_command,Auto command,自动命令,Auto-Befehl,Commande automatique,Comando automático,
server_editor_advantage_ssh_startup_auto_kitty_session_tip,Use external configuration by selecting a session file path for KiTTY,输入 KiTTY Portable.exe 的 Session 配置路径可支持更多额外配置,support external config by select a session file path of KiTTY,prendre en charge la configuration externe en sélectionnant un chemin de fichier de session de KiTTY,Use a configuração externa selecionando um caminho de arquivo de sessão para o KiTTY,
server_editor_advantage_sftp_startup_path,Startup path,启动位置,Start-Pfad,Chemin de démarrage,Caminho de inicialização,
server_editor_gateway_mode,Connection,连接设置,Verbindung,,Conexão,
server_editor_gateway_mode_automatically_detect,Automatically detect RD Gateway Server settings,自动检测RD网关服务器设置,RD-Gatewayservereinstellungen automatisch ermitteln,Détecter automatiquement les paramètres du serveur RD Gateway,Detectar automaticamente as configurações do Servidor RD Gateway,
server_editor_gateway_mode_use_these,Use the following RD Gateway Server settings,使用下列RD网关服务器设置,Diese Einstellungen für RD-Gatewayserver verwenden,Utilisez les paramètres de serveur de passerelle Bureau à distance suivants,Use as seguintes configurações do Servidor RD Gateway,
server_editor_gateway_mode_do_not_use,Do not use RD Gateway Server,不使用RD网关服务器,Keinen Remotedesktop-Gatewayserver verwenden,Ne pas utiliser de serveur de passerelle pour le Bureau à distance,Não use o Servidor RD Gateway,
server_editor_gateway_server_host_name,Host Name,服务器地址,Servername,Nom d'hôte,Nome do Host,
server_editor_gateway_logon_method,Logon Method,登录方法,Anmeldemethode,Méthode de connexion,Tipo de logon,
server_editor_gateway_logon_method_psw,Password,账号密码,Kennwort anfordern,Mot de passe,Senha,
server_editor_gateway_logon_method_smart_card,Smart Card,智能卡,Smartcard,Carte à puce,Cartão inteligente,
server_editor_gateway_bypass_gateway_for_local_address,Bypass RD Gateway Server for local address,不对本地地址使用RD网关,Remotedesktop-Gatewayserver für lokale Adressen umgehen,Contourner le serveur de passerelle RD pour l'adresse locale,Ignorar o servidor de RD Gateway para endereço local,
server_editor_remote_app_name,App Name,程序名称,Programm Name,Nom de l'application,Nome do APP,
server_editor_remote_app_name_tag,Name of the app (e.g. hello),程序名称的名称（如 hello.exe）,Name des Programms (bspw. Hallo),nom de l'application (par exemple bonjour),Nome do aplicativo (ex.: kernel),
server_editor_remote_app_fullname,App Path,服务端路径,Pfad zum Programm,Chemin de l'application,Caminho do APP,
server_editor_remote_app_fullname_tag,Full exe path on the server (e.g. C:\Apps\hello.exe),被远程程序在服务器上的路径（如 ' C:\\Apps\\hello.exe'）,vollständiger Programm-Pfad auf dem Server (z. B. C:\\Apps\\hallo.exe),Chemin complet de l'éxecutable sur le serveur (par exemple C:\\Apps\\hello.exe),Caminho completo do .exe no servidor (ex.: C:\Apps\kernel.exe),
about_page_how_to_use,How to use,帮助,Handbuch im Github Wiki,Comment utiliser,Como usar,
about_page_feedback,Feedback,提意见/需求,,Retour,Dê seu feedback,
guidance_introduce,PRemoteM allows you to open a remote session at any time and anywhere.,PRemoteM 为您管理远程会话，帮您通过启动器快速打开远程桌面,Mit PRemoteM können Sie jederzeit und überall eine Remote-Sitzung eröffnen.,PRemoteM vous permet d'ouvrir une session à distance à tout moment et de n'importe où.,O PRemoteM permite que você abra uma sessão remota a qualquer hora e em qualquer lugar.,
guidance_feature_launcher_key,call the launcher by,快速呼出启动器,Rufen Sie den Launcher auf mit,Appeler le lanceur par,chame os atalhos por,
guidance_feature_launcher_select,select item by,选择项目,Server auswählen mit,Sélectionner l'élément par,selecionar item por,
guidance_feature_launcher_connect,connect by,启动会话,verbinden mit,Se connecter par,conectar por,
guidance_feature_launcher_menu,menu by,弹出菜单,Menüaufruf mit,Menu par,menu por,
guidance_feature_tab_demo,"Dragable, tearable, dockable remote session for RDP, SSH, VNC, sFTP...","可分离可合并的 RDP, SSH, VNC, sFTP 远程窗体","Verschiebbare, zerteilbare, andockbare Remote-Sitzung für RDP, SSH, VNC, sFTP...","Session distante Fixable, Découpable et Ancrable pour RDP, SSH, VNC, sFTP ...","Janelas arrastáveis. Sessão remota feita com: RDP, SSH, VNC, sFTP...",
guidance_feature_start_setting1,Please confirm some settings before first use.,开始使用前请确认一些配置,Bitte bestätigen Sie einige Einstellungen vor der Benutzung.,Veuillez confirmer certains paramètres avant de commencer.,Confirme algumas configurações antes do primeiro uso.,
guidance_feature_start_setting2,You are able to change this setting later in Options.,这些配置稍后同样可以在设置界面中修改,Sie können diese Einstellung später in den Optionen ändern.,Vous pouvez modifier ce paramètre ultérieurement dans la page Options.,Você pode alterar essa configuração posteriormente em Opções.,
word_oops,Oops...,哎哟喂...,Upps...,,OOPAA...,
error_report_unexpected_error_occurred,Unexpected error occurred. Error info is shown below:,程序发生了一些未知错误，详细信息如下：,Unerwarteter Fehler ist aufgetreten. Die Fehlerinformation wird unten angezeigt:,Une erreur inattendue s'est produite. Les informations sur l'erreur sont affichées ci-dessous :,Ocorreu um erro inesperado. As informações do erro são mostradas abaixo:,
error_report_to_clipboard,Copy to clipboard,保存到剪贴板,In die Zwischenablage kopieren,Copier dans le presse-papier,Copiar para área de transferência,
error_report_please_help_us_improve,Please help us improve PRemoteM by reporting this error.,请通过反馈这个错误来帮助我们改进 PRemoteM。,"Bitte helfen Sie uns, PRemoteM zu verbessern, indem Sie diesen Fehler melden.",Veuillez nous aider à améliorer PRemoteM en signalant cette erreur.,Ajude-nos a melhorar o PRemoteM relatando este erro.,
error_report_how_help_us_improve,Simply copy the error message and choose a way to report it.,只需要复制错误信息，并通过下列任意方式即可完成错误反馈！,"Kopieren Sie einfach die Fehlermeldung und wählen Sie eine der Möglichkeiten, diese zu melden.",Copiez simplement le message d'erreur et choisissez l'une des façons de le signaler.,Basta copiar a mensagem de erro e escolher uma forma de relatar.,
error_report_send_by_email,Send by e-mail,通过邮件,Per E-Mail senden,Envoyé par email,Enviar por email,
error_report_send_by_github,Send by GitHub,通过GitHub,Senden über Github,Envoyer par GitHub,Enviar pelo GitHub,
logo_selector_open_file_dialog_title,select a picture,选择图片,Bild auswählen,sélectionner une image,selecione uma imagem,
Default,Default,默认,,Défaut,Predefinição,
Exe path,Exe path,Exe 路径,,,Caminho .exe,
Cmd parameter,CMD parameter,命令行参数,,CMD paramètre,Parâmetro CMD,
New runner,New runner,新增 runner,New runner,New runner,Novo agente,
New runner name,New runner name,新增 runner 名,New runner name,New runner name,Novo nome do agente,
Can not be empty!,Can not be empty!,不能为空！,,,Não pode estar vazio!,
Hosting,Hosting,集成,Hosting,Hosting,Hospedar,
Hosting this exe in PRemoteM tab view?,Hosting this exe in PRemoteM tab windowView?,将该 exe 集成到 PRemoteM 的 tab 视图中?,,,Hospedar este .exe na guia do PRemoteM?,
Caution: some exe can not be hosted in PRemoteM.,"Caution: some exe can not be hosted by PRemoteM, please test by your self.",警告: 某些应用程序无法被集成到 PRemoteM 中，请自行测试。,"Vorsicht: some exe can not be hosted by PRemoteM, please test by your self.",,"Atenção: alguns .exe não podem ser hospedados pelo PRemoteM, por favor teste por conta própria.",
Show environment variables,Show environment variables,显示环境变量,Show umgebungsvariablen,,Mostrar variáveis de ambiente,
How to select the specified monitors,How to select the specified monitors,如何选择指定的显示器,So wählen Sie die angegebenen Monitore aus,,Como selecionar os monitores especificados,
mstsc.exe mode,mstsc.exe mode,mstsc.exe 模式,,,modo mstsc.exe,
Enabled,Enabled,启用,Aktiv,Activer,Habilitado,
"In this mode RDP will start the session in the way mstsc.exe xxxx.rdp in CMD, it can offer more custom parameters.","In this mode RDP will start the session in the way 'mstsc.exe xxxx.rdp' in CMD, it can offer more custom parameters.",在模式下 RDP 将以 CMD 执行 mstsc.exe xxxx.rdp 的方式启动会话，可提供更多的定制参数,,,"Nesse modo, o RDP iniciará a sessão da forma 'mstsc.exe xxxx.rdp' no CMD, podendo oferecer mais parâmetros personalizados.",
Note: This mode will be automatically enabled if there are 2+ monitors with different display scaling on your PC and you selected the full screen mode.,Note: This mode will be automatically enabled if there are 2+ monitors with different display scaling on your PC and you selected the full screen mode.,注意：在全屏模式且当前有多个缩放率不同的显示器时，该模式将被自动启用,,,Nota: Este modo será ativado automaticamente se houver mais de 2 monitores com escala de exibição diferente em seu PC e você selecionou o modo de tela cheia.,
Additional settings,Additional settings,额外指令,,,Configurações adicionais,
Helper,Helper,助手,,,Ajudante,
Preview,Preview,预览,,,Visualizar,
Preview rdp file,Preview rdp file,预览RDP文件,,,Visualizar arquivo RDP,
Check monitor number,Check monitor number,查看显示器编号,,,Verifique o número do monitor,
Environment variables,Environment variables,环境变量,Umgebungsvariablen,,Variáveis de ambiente,
Add environment variables,Add environment variables,添加环境变量,Fügen Sie Umgebungsvariablen hinzu,,Adicionar variáveis de ambiente,
Selected,Selected,选中,Ausgewählt,,Selecionado,
Custom,Custom,定制,Benutzerdefiniert,Coutume,Personalizado,
write permissions alert,"We don't have write permissions for the `{0}` directory!
Please try:
1. run as administrator
2. change directory or file permissions 
3. move PRemoteM to another folder","我们没有路径 `{0}` 的写入权限！
请尝试用以下方法修复问题：
1. 使用管理员权限运行程序
2. 修改路径的权限设置 
3. 将 PRemoteM 移动到其他目录",,,"Não temos permissões de gravação para o diretório `{0}`!
Por favor, tente:
1. `Executar como administrador`
2. Alterar as permissões de diretório/arquivo 
3. Mover o PREmoteM para outra pasta",
Follow system,Follow system(Supported server: Windows Server 2012 R2 and above),跟随系统(服务器要求Windows Server 2012 R2及以上),Folgen des Systems(Unterstützter Server: Windows Server 2012 R2 und höher),Suivre le système(Serveur pris en charge: Windows Server 2012 R2 et supérieur),Seguir o sistema (Servidor Compatível com Windows Server 2012 R2 e superior),
Scale,Scale,缩放,,,Tamanho,
tag_tooltips,Left click : set this tag as filter{0}Ctrl + Left click : add this tag to the include list {0}Ctrl + Right click : add this tag to the exclude list,鼠标左键: 筛选出该标签{0}Ctrl + 鼠标左键 : 将该标签添加到筛选列表 {0}Ctrl + 鼠标右键 : 将该标签添加到排除列表,,,Clique com o botão esquerdo : defina esta tag como filtro{0}Ctrl + clique com o botão esquerdo : adicione esta tag à lista de inclusão {0}Ctrl + clique com o botão direito : adicione esta tag à lista de exclusão,
Are you sure you want to close the connection?,Are you sure you want to close the connection?,确定要关闭连接么？,Möchten Sie die Verbindung wirklich beenden?,Voulez-vous vraiment fermer la connexion?,Tem certeza de que deseja encerrar a conexão?,
"Hi there,","Hi there,",你好呀！,,,"E ai,",
"I hope that you find this app useful. If you would like to support my work, you can buy me a coffee or give a nice review. Thanks!","I hope that you find this app useful. If you would like to support my work, you can buy me a coffee or give a nice review. Thanks!",希望你觉得这个APP还有点用处。如果你想支持我的工作，可以给我买杯咖啡或给我一个好评。谢啦！,,,"Espero que ache este APP útil! Se quiser apoiar meu trabalho pode me pagar um cerveja ou me dar um elogio, obrigado!",
Give suggestions,Give suggestions,提点意见,,,Me dê sugestões,
Buy a coffee,Buy a coffee,买杯咖啡,,,Me pague uma cerveja,
Give nice review,Give nice review,给个好评,,,Me dê um elogio,
Do not show this again in current version,Do not show this again in current version,当前版本不再显示,,,Não mostrar isso novamente na versão atual,
User profile,User profile,用户配置,Benutzerprofil,Profil de l'utilisateur,Perfil de usuário,
Portable mode,Portable mode,便携模式,Tragbarer Modus,Mode portable,Modo portátil,
Profile is saved where executable is located,Profile is saved where executable is located,配置文件保存在可执行文件所在文件夹,"Das Profil wird dort gespeichert, wo sich die ausführbare Datei befindet",Le profil est enregistré là où est situé,O perfil é salvo onde o executável está localizado,
Install for current windows account,Install for current windows account,为当前 Windows 用户配置,Installieren Sie für das aktuelle Windows -Konto,Installer pour le compte Windows actuel,Instale para a conta atual do Windows,
Profile is saved in your Windows AppData folder,Profile is saved in your Windows AppData folder,配置文件保存在 Windows AppData 文件夹,Das Profil wird in Ihrem Windows AppData -Ordner gespeichert,Le profil est enregistré dans votre dossier Windows AppData,O perfil é salvo na sua pasta Windows AppData,
